{
  "American Athletic":{
    "Cincinnati":{
      "abbrev":"CIN",
      "mascot":"Bearcats",
      "pic":"./collegeFootball/logos/cincinnati.png"
    },
    "Connecticut":{
      "abbrev":"CONN",
      "mascot":"Huskies",
      "pic":"./collegeFootball/logos/connecticut.png"
    },
    "East Carolina":{
      "abbrev":"ECU",
      "mascot":"Pirates",
      "pic":"./collegeFootball/logos/eastCarolina.png"
    },
    "Houston":{
      "abbrev":"HOU",
      "mascot":"Cougars",
      "pic":"./collegeFootball/logos/houston.png"
    },
    "Memphis":{
      "abbrev":"MEM",
      "mascot":"Tigers",
      "pic":"./collegeFootball/logos/memphis.png"
    },
    "Navy":{
      "abbrev":"NAVY",
      "mascot":"Midshipmen",
      "pic":"./collegeFootball/logos/navy.png"
    },
    "SMU":{
      "abbrev":"SMU",
      "mascot":"Mustangs",
      "pic":"./collegeFootball/logos/smu.png"
    },
    "South Florida":{
      "abbrev":"USF",
      "mascot":"Bulls",
      "pic":"./collegeFootball/logos/southFlorida.png"
    },
    "Temple":{
      "abbrev":"TEM",
      "mascot":"Owls",
      "pic":"./collegeFootball/logos/temple.png"
    },
    "Tulane":{
      "abbrev":"TULN",
      "mascot":"Green Wave",
      "pic":"./collegeFootball/logos/tulane.png"
    },
    "Tulsa":{
      "abbrev":"TLSA",
      "mascot":"Golden Hurricane",
      "pic":"./collegeFootball/logos/tulsa.png"
    },
    "UCF":{
      "abbrev":"UCF",
      "mascot":"Knights",
      "pic":"./collegeFootball/logos/ucf.png"
    }
  },
  "ACC":{
    "Boston College":{
      "abbrev":"BC",
      "mascot":"Eagles",
      "pic":"./collegeFootball/logos/boston.png"
    },
    "Clemson":{
      "abbrev":"CLEM",
      "mascot":"Tigers",
      "pic":"./collegeFootball/logos/clemson.png"
    },
    "Duke":{
      "abbrev":"DUKE",
      "mascot":"Blue Devils",
      "pic":"./collegeFootball/logos/duke.png"
    },
    "Florida State":{
      "abbrev":"FSU",
      "mascot":"Seminoles",
      "pic":"./collegeFootball/logos/floridaState.png"
    },
    "Georgia Tech":{
      "abbrev":"GT",
      "mascot":"Yellow Jackets",
      "pic":"./collegeFootball/logos/georgiaTech.png"
    },
    "Louisville":{
      "abbrev":"LOU",
      "mascot":"Cardinals",
      "pic":"./collegeFootball/logos/louisville.png"
    },
    "Miami":{
      "abbrev":"MIAMI",
      "mascot":"Hurricanes",
      "pic":"./collegeFootball/logos/miami.png"
    },
    "NC State":{
      "abbrev":"NCST",
      "mascot":"Wolfpack",
      "pic":"./collegeFootball/logos/ncState.png"
    },
    "North Carolina":{
      "abbrev":"NC",
      "mascot":"Tar Heels",
      "pic":"./collegeFootball/logos/northCarolina.png"
    },
    "Pittsburgh":{
      "abbrev":"PITT",
      "mascot":"Panthers",
      "pic":"./collegeFootball/logos/pittsburgh.png"
    },
    "Syracuse":{
      "abbrev":"SYR",
      "mascot":"Orange",
      "pic":"./collegeFootball/logos/syracuse.png"
    },
    "Virginia":{
      "abbrev":"UVA",
      "mascot":"Cavaliers",
      "pic":"./collegeFootball/logos/virginia.png"
    },
    "Virginia Tech":{
      "abbrev":"VT",
      "mascot":"Hokies",
      "pic":"./collegeFootball/logos/virginiaTech.png"
    },
    "Wake Forest":{
      "abbrev":"WAKE",
      "mascot":"Demon Deacons",
      "pic":"./collegeFootball/logos/wakeForest.png"
    }
  },
  "Big 12":{
    "Baylor":{
      "abbrev":"BAY",
      "mascot":"Bears",
      "pic":"./collegeFootball/logos/baylor.png"
    },
    "Iowa State":{
      "abbrev":"ISU",
      "mascot":"Cyclones",
      "pic":"./collegeFootball/logos/iowaState.png"
    },
    "Kansas":{
      "abbrev":"KU",
      "mascot":"Jayhawks",
      "pic":"./collegeFootball/logos/kansas.png"
    },
    "Kansas State":{
      "abbrev":"KSU",
      "mascot":"Wildcats",
      "pic":"./collegeFootball/logos/kansasState.png"
    },
    "Oklahoma":{
      "abbrev":"OKLA",
      "mascot":"Sooners",
      "pic":"./collegeFootball/logos/oklahoma.png"
    },
    "Oklahoma State":{
      "abbrev":"OKST",
      "mascot":"Cowboys",
      "pic":"./collegeFootball/logos/oklahomaState.png"
    },
    "TCU":{
      "abbrev":"TCU",
      "mascot":"Horned Frogs",
      "pic":"./collegeFootball/logos/tcu.png"
    },
    "Texas":{
      "abbrev":"TEX",
      "mascot":"Longhorns",
      "pic":"./collegeFootball/logos/texas.png"
    },
    "Texas Tech":{
      "abbrev":"TTU",
      "mascot":"Red Raiders",
      "pic":"./collegeFootball/logos/texasTech.png"
    },
    "West Virginia":{
      "abbrev":"WVU",
      "mascot":"Mountaineers",
      "pic":"./collegeFootball/logos/westVirginia.png"
    }
  },
  "Big Ten":{
    "Illinois":{
      "abbrev":"ILL",
      "mascot":"Fighting Illini",
      "pic":"./collegeFootball/logos/illinois.png"
    },
    "Indiana":{
      "abbrev":"IND",
      "mascot":"Hoosiers",
      "pic":"./collegeFootball/logos/indiana.png"
    },
    "Iowa":{
      "abbrev":"IOWA",
      "mascot":"Hawkeyes",
      "pic":"./collegeFootball/logos/iowa.png"
    },
    "Maryland":{
      "abbrev":"MARY",
      "mascot":"terrapins",
      "pic":"./collegeFootball/logos/maryland.png"
    },
    "Michigan":{
      "abbrev":"MICH",
      "mascot":"Wolverines",
      "pic":"./collegeFootball/logos/michigan.png"
    },
    "Michigan State":{
      "abbrev":"MIST",
      "mascot":"Spartans",
      "pic":"./collegeFootball/logos/michiganState.png"
    },
    "Minnesota":{
      "abbrev":"MINN",
      "mascot":"Golden Gophers",
      "pic":"./collegeFootball/logos/minnesota.png"
    },
    "Nebraska":{
      "abbrev":"NEB",
      "mascot":"cornhuskers",
      "pic":"./collegeFootball/logos/nebraska.png"
    },
    "Northwestern":{
      "abbrev":"NWEST",
      "mascot":"Wildcats",
      "pic":"./collegeFootball/logos/northwestern.png"
    },
    "Ohio State":{
      "abbrev":"OHST",
      "mascot":"Buckeyes",
      "pic":"./collegeFootball/logos/ohioState.png"
    },
    "Penn State":{
      "abbrev":"PSU",
      "mascot":"Nittany Lions",
      "pic":"./collegeFootball/logos/pennState.png"
    },
    "Purdue":{
      "abbrev":"PURD",
      "mascot":"Boilermakers",
      "pic":"./collegeFootball/logos/purdue.png"
    },
    "Rutgers":{
      "abbrev":"RUTG",
      "mascot":"Scarlet Knights",
      "pic":"./collegeFootball/logos/rutgers.png"
    },
    "Wisconsin":{
      "abbrev":"WIS",
      "mascot":"Badgers",
      "pic":"./collegeFootball/logos/wisconsin.png"
    }
  },
  "Conference USA":{
    "Charlotte":{
      "abbrev":"CHAR",
      "mascot":"49ers",
      "pic":"./collegeFootball/logos/charlotte.png"
    },
    "Florida Atlantic":{
      "abbrev":"FAU",
      "mascot":"Owls",
      "pic":"./collegeFootball/logos/floridaAtlantic.png"
    },
    "Florida Intl":{
      "abbrev":"FIU",
      "mascot":"Golden Panthers",
      "pic":"./collegeFootball/logos/floridaIntl.png"
    },
    "Louisiana Tech":{
      "abbrev":"LT",
      "mascot":"Bulldogs",
      "pic":"./collegeFootball/logos/louisianaTech.png"
    },
    "Marshall":{
      "abbrev":"MRSH",
      "mascot":"Thundering Herd",
      "pic":"./collegeFootball/logos/marshall.png"
    },
    "Middle Tennessee":{
      "abbrev":"MTSU",
      "mascot":"Blue Raiders",
      "pic":"./collegeFootball/logos/middleTennessee.png"
    },
    "North Texas":{
      "abbrev":"UNT",
      "mascot":"Mean Green",
      "pic":"./collegeFootball/logos/northTexas.png"
    },
    "Old Dominion":{
      "abbrev":"ODU",
      "mascot":"Monarchs",
      "pic":"./collegeFootball/logos/oldDominion.png"
    },
    "Rice":{
      "abbrev":"Rice",
      "mascot":"Owls",
      "pic":"./collegeFootball/logos/rice.png"
    },
    "Southern Mississippi":{
      "abbrev":"USM",
      "mascot":"Golden Eagles",
      "pic":"./collegeFootball/logos/southernMississippi.png"
    },
    "Texas San Antonio":{
      "abbrev":"UTSA",
      "mascot":"Roadrunners",
      "pic":"./collegeFootball/logos/texasSanAntonio.png"
    },
    "UAB":{
      "abbrev":"UAB",
      "mascot":"Blazers",
      "pic":"./collegeFootball/logos/uab.png"
    },
    "UTEP":{
      "abbrev":"UTEP",
      "mascot":"Miners",
      "pic":"./collegeFootball/logos/utep.png"
    },
    "Western Kentucky":{
      "abbrev":"WKU",
      "mascot":"Hilltoppers",
      "pic":"./collegeFootball/logos/westernKentucky.png"
    }
  },
  "FBS Independents":{
    "Army":{
      "abbrev":"ARMY",
      "mascot":"Black Knights",
      "pic":"./collegeFootball/logos/army.png"
    },
    "BYU":{
      "abbrev":"BYU",
      "mascot":"Cougars",
      "pic":"./collegeFootball/logos/byu.png"
    },
    "Notre Dame":{
      "abbrev":"NDAME",
      "mascot":"Fighting Irish",
      "pic":"./collegeFootball/logos/notreDame.png"
    }
  },
  "Mid-American":{
    "Akron":{
      "abbrev":"AKRN",
      "mascot":"Zips",
      "pic":"./collegeFootball/logos/akron.png"
    },
    "Ball State":{
      "abbrev":"BALL",
      "mascot":"Cardinals",
      "pic":"./collegeFootball/logos/ballState.png"
    },
    "Bowling Green":{
      "abbrev":"BGSU",
      "mascot":"Falcons",
      "pic":"./collegeFootball/logos/bowlingGreen.png"
    },
    "Buffalo":{
      "abbrev":"BUF",
      "mascot":"Bulls",
      "pic":"./collegeFootball/logos/buffalo.png"
    },
    "Central Michigan":{
      "abbrev":"CMU",
      "mascot":"Chippewas",
      "pic":"./collegeFootball/logos/centralMichigan.png"
    },
    "Eastern Michigan":{
      "abbrev":"EMU",
      "mascot":"Eagles",
      "pic":"./collegeFootball/logos/easternMichigan.png"
    },
    "Kent State":{
      "abbrev":"KENT",
      "mascot":"Golden Flashes",
      "pic":"./collegeFootball/logos/kentState.png"
    },
    "Massachusetts":{
      "abbrev":"UMASS",
      "mascot":"Minutemen",
      "pic":"./collegeFootball/logos/massachusetts.png"
    },
    "Miami (OH)":{
      "abbrev":"M-OH",
      "mascot":"Redhawks",
      "pic":"./collegeFootball/logos/miamiOH.png"
    },
    "Northern Illinois":{
      "abbrev":"NIU",
      "mascot":"huskies",
      "pic":"./collegeFootball/logos/northernIllinois.png"
    },
    "Ohio":{
      "abbrev":"OHIO",
      "mascot":"Bobcats",
      "pic":"./collegeFootball/logos/ohio.png"
    },
    "Toledo":{
      "abbrev":"TOL",
      "mascot":"Rockets",
      "pic":"./collegeFootball/logos/toledo.png"
    },
    "Western Michigan":{
      "abbrev":"WMU",
      "mascot":"Broncos",
      "pic":"./collegeFootball/logos/westernMichigan.png"
    }
  },
  "Mountain West":{
    "Air Force":{
      "abbrev":"AF",
      "mascot":"Falcons",
      "pic":"./collegeFootball/logos/airForce.png"
    },
    "Boise State":{
      "abbrev":"BOISE",
      "mascot":"Broncos",
      "pic":"./collegeFootball/logos/boiseState.png"
    },
    "Colorado State":{
      "abbrev":"CSU",
      "mascot":"Rams",
      "pic":"./collegeFootball/logos/coloradoState.png"
    },
    "Fresno State":{
      "abbrev":"FRSNO",
      "mascot":"Bulldogs",
      "pic":"./collegeFootball/logos/fresnoState.png"
    },
    "Hawaii":{
      "abbrev":"HAW",
      "mascot":"Rainbow Warriors",
      "pic":"./collegeFootball/logos/hawaii.png"
    },
    "Nevada":{
      "abbrev":"NEV",
      "mascot":"Wolf Pack",
      "pic":"./collegeFootball/logos/nevada.png"
    },
    "New Mexico":{
      "abbrev":"UNM",
      "mascot":"Lobos",
      "pic":"./collegeFootball/logos/newMexico.png"
    },
    "San Diego State":{
      "abbrev":"SDSU",
      "mascot":"Aztecs",
      "pic":"./collegeFootball/logos/sanDiegoState.png"
    },
    "San José State":{
      "abbrev":"SISU",
      "mascot":"Spartans",
      "pic":"./collegeFootball/logos/sanJoseState.png"
    },
    "UNLV":{
      "abbrev":"UNLV",
      "mascot":"Rebels",
      "pic":"./collegeFootball/logos/unlv.png"
    },
    "Utah State":{
      "abbrev":"UTST",
      "mascot":"Aggies",
      "pic":"./collegeFootball/logos/utahState.png"
    },
    "Wyoming":{
      "abbrev":"WYO",
      "mascot":"Cowboys",
      "pic":"./collegeFootball/logos/wyoming.png"
    }
  },
  "Pac-12":{
    "Arizona":{
      "abbrev":"ARIZ",
      "mascot":"Wildcats",
      "pic":"./collegeFootball/logos/arizona.png"
    },
    "Arizona State":{
      "abbrev":"ARST",
      "mascot":"Sun Devils",
      "pic":"./collegeFootball/logos/arizonaState.png"
    },
    "California":{
      "abbrev":"CAL",
      "mascot":"Golden Bears",
      "pic":"./collegeFootball/logos/california.png"
    },
    "Colorado":{
      "abbrev":"COL",
      "mascot":"Buffaloes",
      "pic":"./collegeFootball/logos/colorado.png"
    },
    "Oregon":{
      "abbrev":"OREG",
      "mascot":"Ducks",
      "pic":"./collegeFootball/logos/oregon.png"
    },
    "Oregon State":{
      "abbrev":"ORST",
      "mascot":"Beavers",
      "pic":"./collegeFootball/logos/oregonState.png"
    },
    "Stanford":{
      "abbrev":"STAN",
      "mascot":"Cardinal",
      "pic":"./collegeFootball/logos/stanford.png"
    },
    "UCLA":{
      "abbrev":"UCLA",
      "mascot":"Bruins",
      "pic":"./collegeFootball/logos/ucla.png"
    },
    "USC":{
      "abbrev":"USC",
      "mascot":"Trojans",
      "pic":"./collegeFootball/logos/usc.png"
    },
    "Utah":{
      "abbrev":"UTAH",
      "mascot":"Utes",
      "pic":"./collegeFootball/logos/utah.png"
    },
    "Washington":{
      "abbrev":"WASH",
      "mascot":"Huskies",
      "pic":"./collegeFootball/logos/washington.png"
    },
    "Washington State":{
      "abbrev":"WSU",
      "mascot":"Cougars",
      "pic":"./collegeFootball/logos/washingtonState.png"
    }
  },
  "SEC":{
    "Alabama":{
      "abbrev":"BAMA",
      "mascot":"Crimson Tide",
      "pic":"./collegeFootball/logos/alabama.png"
    },
    "Arkansas":{
      "abbrev":"ARK",
      "mascot":"Razorbacks",
      "pic":"./collegeFootball/logos/arkansas.png"
    },
    "Auburn":{
      "abbrev":"AUB",
      "mascot":"Tigers",
      "pic":"./collegeFootball/logos/auburn.png"
    },
    "Florida":{
      "abbrev":"UF",
      "mascot":"Gators",
      "pic":"./collegeFootball/logos/florida.png"
    },
    "Georgia":{
      "abbrev":"UGA",
      "mascot":"Bulldogs",
      "pic":"./collegeFootball/logos/georgia.png"
    },
    "Kentucky":{
      "abbrev":"UK",
      "mascot":"Wildcats",
      "pic":"./collegeFootball/logos/kentucky.png"
    },
    "LSU":{
      "abbrev":"LSU",
      "mascot":"Tigers",
      "pic":"./collegeFootball/logos/lsu.png"
    },
    "Mississippi State":{
      "abbrev":"MSST",
      "mascot":"Bulldogs",
      "pic":"./collegeFootball/logos/mississippiState.png"
    },
    "Missouri":{
      "abbrev":"MIZZ",
      "mascot":"Tigers",
      "pic":"./collegeFootball/logos/missouri.png"
    },
    "Ole Miss":{
      "abbrev":"MISS",
      "mascot":"Rebels",
      "pic":"./collegeFootball/logos/oleMiss.png"
    },
    "South Carolina":{
      "abbrev":"SCAR",
      "mascot":"Gamecocks",
      "pic":"./collegeFootball/logos/southCarolina.png"
    },
    "Tennessee":{
      "abbrev":"TENN",
      "mascot":"Volunteers",
      "pic":"./collegeFootball/logos/tennessee.png"
    },
    "Texas A&M":{
      "abbrev":"TXAM",
      "mascot":"Aggies",
      "pic":"./collegeFootball/logos/texasAM.png"
    },
    "Vanderbilt":{
      "abbrev":"VAND",
      "mascot":"Commodores",
      "pic":"./collegeFootball/logos/vanderbilt.png"
    }
  },
  "Sun Belt":{
    "Appalachian State":{
      "abbrev":"APP",
      "mascot":"Mountaineers",
      "pic":"./collegeFootball/logos/appalachianState.png"
    },
    "Arkansas State":{
      "abbrev":"ARST",
      "mascot":"Red Wolves",
      "pic":"./collegeFootball/logos/arkansasState.png"
    },
    "Georgia Southern":{
      "abbrev":"GASO",
      "mascot":"Eagles",
      "pic":"./collegeFootball/logos/georgiaSouthern.png"
    },
    "Georgia State":{
      "abbrev":"GAST",
      "mascot":"Panthers",
      "pic":"./collegeFootball/logos/georgiaState.png"
    },
    "Idaho":{
      "abbrev":"IDHO",
      "mascot":"Vandals",
      "pic":"./collegeFootball/logos/idaho.png"
    },
    "Louisiana Lafayette":{
      "abbrev":"ULL",
      "mascot":"Ragin Cajuns",
      "pic":"./collegeFootball/logos/louisianaLafayette.png"
    },
    "Louisiana Monroe":{
      "abbrev":"ULM",
      "mascot":"Warhawks",
      "pic":"./collegeFootball/logos/louisianaMonroe.png"
    },
    "New Mexico State":{
      "abbrev":"NMST",
      "mascot":"Aggies",
      "pic":"./collegeFootball/logos/newMexicoState.png"
    },
    "South Alabama":{
      "abbrev":"SBAMA",
      "mascot":"Jaguars",
      "pic":"./collegeFootball/logos/southAlabama.png"
    },
    "Texas State":{
      "abbrev":"TXST",
      "mascot":"Bobcats",
      "pic":"./collegeFootball/logos/texasState.png"
    },
    "Troy":{
      "abbrev":"TROY",
      "mascot":"Trojans",
      "pic":"./collegeFootball/logos/troy.png"
    }
  },
  "Big Sky":{
    "Cal Poly":{
      "abbrev":"CP",
      "mascot":"Mustangs",
      "pic":"./collegeFootball/logos/calPoly.png"
    },
    "Eastern Washington":{
      "abbrev":"EWU",
      "mascot":"Eagles",
      "pic":"./collegeFootball/logos/easternWashington.png"
    },
    "Idaho State":{
      "abbrev":"IDST",
      "mascot":"Bengals",
      "pic":"./collegeFootball/logos/idahoState.png"
    },
    "Montana":{
      "abbrev":"MONT",
      "mascot":"Grizzlies",
      "pic":"./collegeFootball/logos/montana.png"
    },
    "Montana State":{
      "abbrev":"MTST",
      "mascot":"Bobcats",
      "pic":"./collegeFootball/logos/montanaState.png"
    },
    "North Dakota":{
      "abbrev":"UND",
      "mascot":"Fighting Hawks",
      "pic":"./collegeFootball/logos/northDakota.png"
    },
    "Northern Arizona":{
      "abbrev":"NAU",
      "mascot":"Lumberjacks",
      "pic":"./collegeFootball/logos/northernArizona.png"
    },
    "Northern Colorado":{
      "abbrev":"UNCO",
      "mascot":"Bears",
      "pic":"./collegeFootball/logos/northernColorado.png"
    },
    "Portland State":{
      "abbrev":"PRST",
      "mascot":"Vikings",
      "pic":"./collegeFootball/logos/portlandState.png"
    },
    "Sacramento State":{
      "abbrev":"SAC",
      "mascot":"Hornets",
      "pic":"./collegeFootball/logos/sacramentoState.png"
    },
    "Southern Utah":{
      "abbrev":"SUU",
      "mascot":"Thunderbirds",
      "pic":"./collegeFootball/logos/southernUtah.png"
    },
    "UC Davis":{
      "abbrev":"UCD",
      "mascot":"Aggies",
      "pic":"./collegeFootball/logos/ucDavis.png"
    },
    "Weber State":{
      "abbrev":"WEB",
      "mascot":"Wildcats",
      "pic":"./collegeFootball/logos/weberState.png"
    }
  },
  "Big South":{
    "Charleston Southern":{
      "abbrev":"CHSO",
      "mascot":"Buccaneers",
      "pic":"./collegeFootball/logos/charlestonSouthern.png"
    },
    "Coastal Carolina":{
      "abbrev":"CCAR",
      "mascot":"Chanticleers",
      "pic":"./collegeFootball/logos/coastalCarolina.png"
    },
    "Gardner-Webb":{
      "abbrev":"WEBB",
      "mascot":"Bulldogs",
      "pic":"./collegeFootball/logos/gardnerWebb.png"
    },
    "Kennesaw State":{
      "abbrev":"KENN",
      "mascot":"Owls",
      "pic":"./collegeFootball/logos/kennesawState.png"
    },
    "Liberty":{
      "abbrev":"LIB",
      "mascot":"Flames",
      "pic":"./collegeFootball/logos/liberty.png"
    },
    "Monmouth":{
      "abbrev":"MONM",
      "mascot":"Hawks",
      "pic":"./collegeFootball/logos/monmouth.png"
    },
    "Presbyterian College":{
      "abbrev":"PRE",
      "mascot":"Blue Hose",
      "pic":"./collegeFootball/logos/presbyterianCollege.png"
    }
  },
  "CAA":{
    "Albany":{
      "abbrev":"ALBY",
      "mascot":"Great Danes",
      "pic":"./collegeFootball/logos/albany.png"
    },
    "Delaware":{
      "abbrev":"DEL",
      "mascot":"Blue Hens",
      "pic":"./collegeFootball/logos/delaware.png"
    },
    "Elon":{
      "abbrev":"ELON",
      "mascot":"Phoenix",
      "pic":"./collegeFootball/logos/elon.png"
    },
    "James Madison":{
      "abbrev":"JMU",
      "mascot":"Dukes",
      "pic":"./collegeFootball/logos/jamesMadison.png"
    },
    "Maine":{
      "abbrev":"MAINE",
      "mascot":"Black Bears",
      "pic":"./collegeFootball/logos/maine.png"
    },
    "New Hampshire":{
      "abbrev":"UNH",
      "mascot":"Wildcats",
      "pic":"./collegeFootball/logos/newHampshire.png"
    },
    "Rhode Island":{
      "abbrev":"URI",
      "mascot":"Rams",
      "pic":"./collegeFootball/logos/rhodeIsland.png"
    },
    "Richmond":{
      "abbrev":"RICH",
      "mascot":"Spiders",
      "pic":"./collegeFootball/logos/richmond.png"
    },
    "Stony Brook":{
      "abbrev":"STON",
      "mascot":"Seawolves",
      "pic":"./collegeFootball/logos/stonyBrook.png"
    },
    "Towson":{
      "abbrev":"TOWS",
      "mascot":"Tigers",
      "pic":"./collegeFootball/logos/towson.png"
    },
    "Villanova":{
      "abbrev":"NOVA",
      "mascot":"Wildcats",
      "pic":"./collegeFootball/logos/villanova.png"
    },
    "William & Mary":{
      "abbrev":"W&M",
      "mascot":"Tribe",
      "pic":"./collegeFootball/logos/williamMary.png"
    }
  },
  "FCS Independents":{
    "East Tenn. St.":{
      "abbrev":"ETSU",
      "mascot":"Buccaneers",
      "pic":"./collegeFootball/logos/eastTennessee.png"
    }
  },
  "Ivy":{
    "Brown":{
      "abbrev":"BRWN",
      "mascot":"Bears",
      "pic":"./collegeFootball/logos/brown.png"
    },
    "Columbia":{
      "abbrev":"CLMB",
      "mascot":"Lions",
      "pic":"./collegeFootball/logos/columbia.png"
    },
    "Cornell":{
      "abbrev":"COR",
      "mascot":"Big Red",
      "pic":"./collegeFootball/logos/cornell.png"
    },
    "Dartmouth":{
      "abbrev":"DART",
      "mascot":"Big Green",
      "pic":"./collegeFootball/logos/dartmouth.png"
    },
    "Harvard":{
      "abbrev":"HARV",
      "mascot":"Crimson",
      "pic":"./collegeFootball/logos/harvard.png"
    },
    "Penn":{
      "abbrev":"PENN",
      "mascot":"Quakers",
      "pic":"./collegeFootball/logos/penn.png"
    },
    "Princeton":{
      "abbrev":"PRIN",
      "mascot":"Tigers",
      "pic":"./collegeFootball/logos/princeton.png"
    },
    "Yale":{
      "abbrev":"YALE",
      "mascot":"Bulldogs",
      "pic":"./collegeFootball/logos/yale.png"
    }
  },
  "MEAC":{
    "Bethune-Cookman":{
      "abbrev":"COOK",
      "mascot":"Wildcats",
      "pic":"./collegeFootball/logos/bethuneCookman.png"
    },
    "Delaware State":{
      "abbrev":"DSU",
      "mascot":"Hornets",
      "pic":"./collegeFootball/logos/delawareState.png"
    },
    "Florida A&M":{
      "abbrev":"FAMU",
      "mascot":"Rattlers",
      "pic":"./collegeFootball/logos/floridaAM.png"
    },
    "Hampton":{
      "abbrev":"HAMP",
      "mascot":"Pirates",
      "pic":"./collegeFootball/logos/hampton.png"
    },
    "Howard":{
      "abbrev":"HOW",
      "mascot":"Bison",
      "pic":"./collegeFootball/logos/howard.png"
    },
    "Morgan State":{
      "abbrev":"MORG",
      "mascot":"Bears",
      "pic":"./collegeFootball/logos/morganState.png"
    },
    "Norfolk State":{
      "abbrev":"NORF",
      "mascot":"Spartans",
      "pic":"./collegeFootball/logos/norfolkState.png"
    },
    "North Carolina A&T":{
      "abbrev":"NCAT",
      "mascot":"Aggies",
      "pic":"./collegeFootball/logos/northCarolinaAT.png"
    },
    "North Carolina Central":{
      "abbrev":"NCCU",
      "mascot":"Eagles",
      "pic":"./collegeFootball/logos/northCarolinaCentral.png"
    },
    "Savannah State":{
      "abbrev":"SAV",
      "mascot":"Tigers",
      "pic":"./collegeFootball/logos/savannahState.png"
    },
    "South Carolina State":{
      "abbrev":"SCST",
      "mascot":"Bulldogs",
      "pic":"./collegeFootball/logos/southCarolinaState.png"
    }
  },
  "Missouri Valley":{
    "Illinois State":{
      "abbrev":"ILST",
      "mascot":"Redbirds",
      "pic":"./collegeFootball/logos/illinoisState.png"
    },
    "Indiana State":{
      "abbrev":"INST",
      "mascot":"Sycamores",
      "pic":"./collegeFootball/logos/indianaState.png"
    },
    "Missouri State":{
      "abbrev":"MOST",
      "mascot":"Bears",
      "pic":"./collegeFootball/logos/missouriState.png"
    },
    "North Dakota State":{
      "abbrev":"NDSU",
      "mascot":"Bison",
      "pic":"./collegeFootball/logos/northDakotaState.png"
    },
    "Northern Iowa":{
      "abbrev":"UNI",
      "mascot":"Panthers",
      "pic":"./collegeFootball/logos/northernIowa.png"
    },
    "South Dakota":{
      "abbrev":"SDAK",
      "mascot":"Coyotes",
      "pic":"./collegeFootball/logos/southDakota.png"
    },
    "South Dakota State":{
      "abbrev":"SDSU",
      "mascot":"Jackrabbits",
      "pic":"./collegeFootball/logos/southDakotaState.png"
    },
    "Southern Illinois":{
      "abbrev":"SIU",
      "mascot":"Salukis",
      "pic":"./collegeFootball/logos/southernIllinois.png"
    },
    "Western Illinois":{
      "abbrev":"WIU",
      "mascot":"Leathernecks",
      "pic":"./collegeFootball/logos/westernIllinois.png"
    },
    "Youngstown State":{
      "abbrev":"YSU",
      "mascot":"Penguins",
      "pic":"./collegeFootball/logos/youngstownState.png"
    }
  },
  "Northeast":{
    "Bryant":{
      "abbrev":"BRY",
      "mascot":"Bulldogs",
      "pic":"./collegeFootball/logos/bryant.png"
    },
    "Central Connecticut":{
      "abbrev":"CCSU",
      "mascot":"Blue Devils",
      "pic":"./collegeFootball/logos/centralConnecticut.png"
    },
    "Duquesne":{
      "abbrev":"DUQ",
      "mascot":"Dukes",
      "pic":"./collegeFootball/logos/duquesne.png"
    },
    "Robert Morris":{
      "abbrev":"RMU",
      "mascot":"Colonials",
      "pic":"./collegeFootball/logos/robertMorris.png"
    },
    "Sacred Heart":{
      "abbrev":"SHU",
      "mascot":"Pioneers",
      "pic":"./collegeFootball/logos/sacredHeart.png"
    },
    "St Francis (PA)":{
      "abbrev":"SFU",
      "mascot":"Red Flash",
      "pic":"./collegeFootball/logos/stFrancisPA.png"
    },
    "Wagner":{
      "abbrev":"WAG",
      "mascot":"Seahawks",
      "pic":"./collegeFootball/logos/wagner.png"
    }
  },
  "Ohio Valley":{
    "Austin Peay":{
      "abbrev":"PEAY",
      "mascot":"Governors",
      "pic":"./collegeFootball/logos/austinPeay.png"
    },
    "Eastern Illinois":{
      "abbrev":"EIU",
      "mascot":"Panthers",
      "pic":"./collegeFootball/logos/easternIllinois.png"
    },
    "Eastern Kentucky":{
      "abbrev":"EKY",
      "mascot":"Colonels",
      "pic":"./collegeFootball/logos/easternKentucky.png"
    },
    "Jacksonville State":{
      "abbrev":"JVST",
      "mascot":"Gamecocks",
      "pic":"./collegeFootball/logos/jacksonvilleState.png"
    },
    "Murray State":{
      "abbrev":"MURR",
      "mascot":"Racers",
      "pic":"./collegeFootball/logos/murrayState.png"
    },
    "Southeast Missouri State":{
      "abbrev":"SEMO",
      "mascot":"Redhawks",
      "pic":"./collegeFootball/logos/southeastMissouriState.png"
    },
    "Tennessee State":{
      "abbrev":"TNST",
      "mascot":"Tigers",
      "pic":"./collegeFootball/logos/tennesseeState.png"
    },
    "Tennessee Tech":{
      "abbrev":"TNTC",
      "mascot":"Golden Eagles",
      "pic":"./collegeFootball/logos/tennesseeTech.png"
    },
    "Tennessee-Martin":{
      "abbrev":"UTM",
      "mascot":"Skyhawks",
      "pic":"./collegeFootball/logos/tennesseeMartin.png"
    }
  },
  "Patriot League":{
    "Bucknell":{
      "abbrev":"BUCK",
      "mascot":"Bison",
      "pic":"./collegeFootball/logos/bucknell.png"
    },
    "Colgate":{
      "abbrev":"COLG",
      "mascot":"Raiders",
      "pic":"./collegeFootball/logos/colgate.png"
    },
    "Fordham":{
      "abbrev":"FOR",
      "mascot":"Rams",
      "pic":"./collegeFootball/logos/fordham.png"
    },
    "Georgetown":{
      "abbrev":"GTWN",
      "mascot":"Hoyas",
      "pic":"./collegeFootball/logos/georgetown.png"
    },
    "Holy Cross":{
      "abbrev":"HC",
      "mascot":"Crusaders",
      "pic":"./collegeFootball/logos/holyCross.png"
    },
    "Lafayette":{
      "abbrev":"LAF",
      "mascot":"Leopards",
      "pic":"./collegeFootball/logos/lafayette.png"
    },
    "Lehigh":{
      "abbrev":"LEH",
      "mascot":"Mountain Hawks",
      "pic":"./collegeFootball/logos/lehigh.png"
    }
  },
  "Pioneer":{
    "Butler":{
      "abbrev":"BUT",
      "mascot":"Bulldogs",
      "pic":"./collegeFootball/logos/butler.png"
    },
    "Campbell":{
      "abbrev":"CAMP",
      "mascot":"Camels",
      "pic":"./collegeFootball/logos/campbell.png"
    },
    "Davidson":{
      "abbrev":"DAV",
      "mascot":"Wildcats",
      "pic":"./collegeFootball/logos/davidson.png"
    },
    "Dayton":{
      "abbrev":"DAY",
      "mascot":"Flyers",
      "pic":"./collegeFootball/logos/dayton.png"
    },
    "Drake":{
      "abbrev":"DRKE",
      "mascot":"Bulldogs",
      "pic":"./collegeFootball/logos/drake.png"
    },
    "Jacksonville":{
      "abbrev":"JAC",
      "mascot":"Dolphins",
      "pic":"./collegeFootball/logos/jacksonville.png"
    },
    "Marist":{
      "abbrev":"MRST",
      "mascot":"Red Foxes",
      "pic":"./collegeFootball/logos/marist.png"
    },
    "Morehead State":{
      "abbrev":"MORE",
      "mascot":"Eagles",
      "pic":"./collegeFootball/logos/moreheadState.png"
    },
    "San Diego":{
      "abbrev":"USD",
      "mascot":"Toreros",
      "pic":"./collegeFootball/logos/sanDiego.png"
    },
    "Stetson":{
      "abbrev":"STET",
      "mascot":"Hatters",
      "pic":"./collegeFootball/logos/stetson.png"
    },
    "Valparaiso":{
      "abbrev":"VALP",
      "mascot":"Crusaders",
      "pic":"./collegeFootball/logos/valparaiso.png"
    }
  },
  "Southern":{
    "Chattanooga":{
      "abbrev":"Chat",
      "mascot":"Mocs",
      "pic":"./collegeFootball/logos/chattanooga.png"
    },
    "Furman":{
      "abbrev":"Fur",
      "mascot":"Paladins",
      "pic":"./collegeFootball/logos/furman.png"
    },
    "Mercer":{
      "abbrev":"MER",
      "mascot":"Bears",
      "pic":"./collegeFootball/logos/mercer.png"
    },
    "Samford":{
      "abbrev":"SAM",
      "mascot":"Bulldogs",
      "pic":"./collegeFootball/logos/samford.png"
    },
    "The Citadel":{
      "abbrev":"CIT",
      "mascot":"Bulldogs",
      "pic":"./collegeFootball/logos/citadel.png"
    },
    "VMI":{
      "abbrev":"VMI",
      "mascot":"Keydets",
      "pic":"./collegeFootball/logos/vmi.png"
    },
    "Western Carolina":{
      "abbrev":"WCU",
      "mascot":"Catamounts",
      "pic":"./collegeFootball/logos/westernCarolina.png"
    },
    "Wofford":{
      "abbrev":"WOF",
      "mascot":"Terriers",
      "pic":"./collegeFootball/logos/wofford.png"
    }
  },
  "Southland":{
    "Abilene Christian":{
      "abbrev":"ACU",
      "mascot":"Wildcats",
      "pic":"./collegeFootball/logos/abileneChristian.png"
    },
    "Central Arkansas":{
      "abbrev":"UCA",
      "mascot":"Bears",
      "pic":"./collegeFootball/logos/centralArkansas.png"
    },
    "Houston Baptist":{
      "abbrev":"HBU",
      "mascot":"Huskies",
      "pic":"./collegeFootball/logos/houstonBaptist.png"
    },
    "Incarnate Word":{
      "abbrev":"IW",
      "mascot":"Cardinals",
      "pic":"./collegeFootball/logos/incarnateWord.png"
    },
    "Lamar":{
      "abbrev":"LAM",
      "mascot":"Cardinals",
      "pic":"./collegeFootball/logos/lamar.png"
    },
    "McNeese State":{
      "abbrev":"MCNS",
      "mascot":"Cowboys",
      "pic":"./collegeFootball/logos/mcNeeseState.png"
    },
    "Nicholls State":{
      "abbrev":"NICH",
      "mascot":"Colonels",
      "pic":"./collegeFootball/logos/nichollsState.png"
    },
    "Northwestern State":{
      "abbrev":"NWST",
      "mascot":"Demons",
      "pic":"./collegeFootball/logos/northwesternState.png"
    },
    "Sam Houston State":{
      "abbrev":"SHSU",
      "mascot":"Bearkats",
      "pic":"./collegeFootball/logos/samHoustonState.png"
    },
    "Southeastern Louisiana":{
      "abbrev":"SELA",
      "mascot":"Lions",
      "pic":"./collegeFootball/logos/southeasternLouisiana.png"
    },
    "Stephen F Austin":{
      "abbrev":"SFA",
      "mascot":"Lumberjacks",
      "pic":"./collegeFootball/logos/stephenFAustin.png"
    }
  },
  "SWAC":{
    "Alabama A&M":{
      "abbrev":"AAMU",
      "mascot":"Bulldogs",
      "pic":"./collegeFootball/logos/alabamaAM.png"
    },
    "Alabama State":{
      "abbrev":"ALST",
      "mascot":"Hornets",
      "pic":"./collegeFootball/logos/alabamaState.png"
    },
    "Alcorn State":{
      "abbrev":"ALCN",
      "mascot":"Braves",
      "pic":"./collegeFootball/logos/alcornState.png"
    },
    "Arkansas-Pine Bluff":{
      "abbrev":"ARPB",
      "mascot":"Golde Lions",
      "pic":"./collegeFootball/logos/arkansasPineBluff.png"
    },
    "Grambling State":{
      "abbrev":"GRAM",
      "mascot":"Tigers",
      "pic":"./collegeFootball/logos/gramblingState.png"
    },
    "Jackson State":{
      "abbrev":"JKST",
      "mascot":"Tigers",
      "pic":"./collegeFootball/logos/jacksonState.png"
    },
    "Mississippi Valley State":{
      "abbrev":"MVSU",
      "mascot":"Delta Devils",
      "pic":"./collegeFootball/logos/mississippiValleyState.png"
    },
    "Prairie View A&M":{
      "abbrev":"PV",
      "mascot":"Prairie View",
      "pic":"./collegeFootball/logos/prairieView.png"
    },
    "Southern":{
      "abbrev":"SOU",
      "mascot":"Jaguars",
      "pic":"./collegeFootball/logos/southern.png"
    },
    "Texas Southern":{
      "abbrev":"TXSO",
      "mascot":"Tigers",
      "pic":"./collegeFootball/logos/texasSouthern.png"
    }
  }
}
